id,revealed,lapses,replied,AUC
99,232,13,232,0.9305895658494008
144,333,0,333,0
114,335,0,335,0
123,320,0,320,0
3,355,0,355,0
64,307,0,307,0
135,408,0,408,0
115,170,0,170,0
63,342,56,342,0
22,180,0,180,0
73,243,28,243,0
131,184,3,184,0
51,190,4,190,0
39,207,28,207,0
47,101,0,101,0
140,169,0,169,0.8999546368208232
143,328,0,328,0
101,265,0,265,0
60,50,8,50,0
146,262,5,262,0
126,342,0,342,0
138,336,0,336,0
59,272,8,272,0
62,264,1,264,0
20,234,0,234,0
142,342,0,342,0
89,357,0,357,0
92,177,0,177,0
136,317,0,317,0
100,344,0,344,0
38,355,31,355,0.8089867472672384
117,291,0,291,0
120,144,8,144,0
9,340,0,340,0
55,325,2,325,0
149,328,26,328,0
11,329,0,329,0
46,285,0,285,0
94,332,0,332,0
107,229,15,229,0
0,177,0,177,0
36,333,4,333,0
72,348,0,348,0
87,325,6,325,0
110,279,0,279,0
70,263,10,263,0.833836156628003
34,325,63,325,0
121,259,3,259,0
28,269,10,269,0
50,352,2,352,0
8,345,9,345,0
52,324,1,324,0
12,303,2,303,0
112,162,0,162,0
98,330,0,330,0
45,200,0,200,0
139,211,0,211,0
148,285,1,285,0
82,236,0,236,0
37,284,9,284,0
84,242,0,242,0.884500107735402
88,300,1,300,0
97,320,6,320,0
53,114,1,114,0
29,335,0,335,0
49,254,8,254,0
25,290,24,290,0
111,248,0,248,0
77,268,0,268,0
113,270,0,270,0
80,264,22,264,0
17,296,2,296,0
31,231,24,231,0
141,343,0,343,0
150,334,1,334,0
13,315,1,315,0.88316069758828
132,61,0,61,0
147,328,0,328,0
124,132,16,132,0
74,330,108,330,0
68,348,2,348,0
118,200,0,200,0
27,305,3,305,0
127,318,0,318,0
119,287,39,287,0
23,311,0,311,0
16,346,19,346,0
93,324,15,324,0
108,334,0,334,0
48,349,7,349,0
95,98,3,98,0.9036903965307732
91,338,26,338,0
6,331,0,331,0
21,326,0,326,0
42,296,1,296,0
66,332,0,332,0
19,262,0,262,0
109,250,0,250,0
14,154,0,154,0
78,314,0,314,0
134,312,6,312,0
76,268,37,268,0
30,338,19,338,0
43,278,1,278,0
44,278,2,278,0
104,297,0,297,0.8873483938616513
86,188,0,188,0
26,329,46,329,0
67,282,19,282,0
18,348,5,348,0
81,334,0,334,0
90,212,0,212,0
56,300,55,300,0
40,314,46,314,0
125,126,13,126,0
35,344,16,344,0
10,253,10,253,0
58,128,1,128,0
116,140,5,140,0
69,122,16,122,0
106,268,0,268,0.8382162211949445
33,62,11,62,0
105,343,7,343,0
75,302,0,302,0
79,343,0,343,0
145,268,0,268,0
85,368,7,368,0
137,252,19,252,0
1,280,5,280,0
7,235,19,235,0
102,374,1,374,0
83,324,0,324,0
41,221,4,221,0
32,338,0,338,0
61,304,0,304,0
2,338,9,338,0.7385335923918601
96,348,5,348,0
65,267,2,267,0
24,288,8,288,0
133,321,17,321,0
130,357,1,357,0
5,336,18,336,0
54,310,1,310,0
128,307,0,307,0
15,316,0,316,0
122,321,18,321,0
4,332,0,332,0
57,338,0,338,0
103,320,0,320,0
129,305,1,305,0
71,371,10,371,0
